login_id,repo_count,follower_count,member_since
majorgreys,45,41,2009-11-19
tel,195,212,2008-02-27
andresdouglas,33,21,2009-04-10
tosh,73,273,2008-06-24
RichAyotte,29,36,2010-06-03
vilmibm,105,534,2009-06-24
215eight,9,3,2013-02-19
ddjjj,0,0,2013-12-11
oggata,162,46,2012-01-20
beenhero,25,191,2008-04-22
thiagozs,149,96,2009-10-16
endymion,97,26,2009-02-06
lidaobing,119,619,2008-10-04
matteobertozzi,23,65,2008-12-04
ivanoats,359,291,2008-04-03
guilleiguaran,258,623,2009-12-02
glhewett,30,18,2008-04-18
jmalonzo,67,84,2008-06-01
jm,132,509,2008-01-29
jacques,386,91,2008-03-07
nabn,27,37,2012-04-30
aachokey,21,41,2013-05-27
tomlion,46,162,2008-04-19
sidorares,163,788,2009-12-28
codingscode,171,1306,2019-05-05
MafujShikder,23,1517,2017-12-14
gaocegege,397,2381,2013-07-27
laxman954,69,9,2013-03-13
tomz,132,111,2008-11-01
osteotek,23,22,2011-03-04
robbassi,27,12,2010-02-04
mlynch,122,1314,2008-05-22
amijkko,28,11,2015-04-14
jefftrudeau,9,8,2010-11-19
AdiChat,20,3218,2015-01-21
csjaba,53,853,2012-09-22
nwoods2019,0,10,2019-03-06
miamiartexchange,2,6,2008-10-25
KokaKiwi,203,151,2010-01-15
nateirwin,11,78,2008-05-15
JurandyBitConnect,3,10,2012-06-20
0-vortex,114,201,2010-04-05
opengineer,22,3043,2017-10-16
erdos,66,210,2013-09-27
garrisonreid,10,4,2014-07-17
hellojwilde,49,44,2009-01-05
karlsnyder0,6,5,2011-02-25
Asmae-salhi,4,1,2020-04-02
asoltys,204,150,2008-04-16
ajsb85,438,925,2011-03-11
lancetw,257,176,2009-03-10
raecoo,20,98,2008-04-04
m1kal,24,0,2016-11-26
kantmakm,19,6,2011-06-06
wouterdebres,3,6,2008-05-19
doitian,191,324,2008-11-21
erravimishracse,22,356,2016-07-13
MintThitiratChamnan,14,26,2021-08-01
sco,32,514,2008-02-16
ssdavenport,14,9,2011-05-27
ryanking,35,247,2008-04-07
crazycode,212,67,2008-06-22
xaviarias,16,58,2011-06-26
jondo89,10,242,2012-11-26
pereferrera,19,47,2010-04-27
yong,17,52,2008-04-08
jessuppi,13,426,2016-02-29
luke0x,27,93,2008-02-26
justinshenk,78,271,2014-12-22
datapimp,78,102,2008-12-28
gabrielpconceicao,24,1878,2013-07-31
bbss,45,35,2012-11-09
shovon,169,159,2010-05-23
fortune,11,6,2009-01-06
andresmasegosa,12,70,2010-11-25
atsiarenia,2,14,2013-10-21
andy-williams,46,40,2010-04-11
honnung,2,1,2011-02-22
zhchang,20,18,2012-03-12
codeodor,108,37,2008-09-06
latrokles,24,57,2008-11-18
isakib,244,7,2010-11-11
allangrant,15,35,2009-03-12
timothyklim,229,174,2010-09-04
greysun,103,38,2010-05-15
lumberjackchef,8,15,2014-05-23
iamhabitat,24,8,2010-09-16
dejan,19,148,2008-04-03
jonathannelson,2,51,2008-03-21
singerdmx,15,446,2009-09-03
Linux-Player,2,1202,2016-10-10
lmatteis,79,190,2010-12-24
saberma,37,675,2008-06-26
tigefa4u,265,456,2012-03-02
esneider,47,145,2011-03-13
BrianGator,0,5,2011-01-14
cburgdorf,133,413,2010-12-13
dehora,46,85,2008-04-06
daaku,166,481,2008-02-21
SourceBoy,6,3,2011-05-16
mehdimays,57,18,2011-05-15
albertogg,47,90,2010-10-24
bcurren,33,39,2008-04-27
mbautin,144,1328,2011-01-08
seanahrens,18,15,2009-07-29
jaybny,25,15,2011-05-09
pablogarriga,32,6,2017-09-04
jubishop,40,56,2008-06-10
yuanwencong,4,10,2011-03-18
JSansalone,8,281,2012-06-08
ales9000,6,21,2013-02-06
martinheidegger,385,317,2011-07-14
forresto,108,192,2010-09-11
mstraughan86,27,5887,2015-09-12
shamio,2,664,2012-03-11
peteonrails,67,83,2008-05-07
fling,4,26,2008-05-05
gdeglin,26,56,2008-04-04
jjuarez,126,52,2009-01-20
skyfallsin,20,70,2008-02-26
bobomurod,89,119,2013-01-31
hlb,40,227,2008-04-03
hugoerg56,31,20,2010-05-21
cmavromoustakos,23,32,2009-08-03
steffanjensen,107,411,2015-07-18
janfilips,14,54,2011-06-23
dennispi,7,9,2010-09-03
chrisketchel,0,1,2015-12-16
broccolini,43,1963,2010-07-17
manjotkhangura,2,0,2014-01-11
jonbaer,293,167,2008-06-10
edgar,129,52,2008-09-12
lrettig,86,219,2013-01-19
akashaku,7,0,2013-04-09
Juiceman,22,4,2009-04-26
Siim,40,52,2009-01-05
davidkuchar,26,28,2010-11-30
ayeminag,28,27,2012-10-30
massie,39,120,2008-08-04
suenot,311,83,2012-02-10
artob,36,447,2008-04-04
xiaods,209,385,2008-12-02
miamiruby,130,59,2008-10-16
michaelkoper,38,23,2009-05-17
vlordier,33,375,2013-09-12
jaredhanson,408,3423,2008-05-15
bumi,172,396,2008-02-16
benwbrum,27,86,2010-02-09
NoreplyGao,4,11,2017-05-06
rodrigooler,204,1225,2013-09-19
thezedwards,497,570,2016-12-12
ChunMengLu,13,136,2012-08-08
viralpandya,14,15,2012-07-26
kalamaznik,16,210,2013-04-15
liangwenke,37,31,2008-09-04
MattMcFarland,139,244,2011-02-17
sajoku,99,17,2010-09-07
KaterinaToy,0,19,2020-02-08
rcullito,67,43,2011-07-12
TroyDWhite,10,7,2013-02-10
johndpope,8085,664,2010-05-28
AlexxNica,6666,781,2015-09-17
herestomwiththeweather,47,58,2008-07-07
ssleptsov,29,100,2011-12-03
y0sher,20,26,2012-10-19
vespakoen,186,106,2011-06-26
chipski,18,25,2008-03-04
b3bakyt,16,3,2012-02-23
suriyaa,54,961,2013-07-23
gnashe,2,32,2012-08-30
gcollazo,89,420,2009-03-07
jiahao,142,588,2008-02-29
terlar,101,111,2010-05-18
krisjin,122,132,2012-10-19
fastcoinproject,6,30,2013-05-28
allanfreitas,239,59,2010-06-13
yyeexxhhh,10,17,2013-08-20
EvanMisshula,193,98,2010-06-09
mogox,28,42,2011-07-19
CubeSpawn,8,108,2009-12-07
freewil,127,101,2011-04-08
rayvinly,11,313,2008-03-26
hehead,1,641,2013-05-12
zhenglu0,37,699,2013-10-07
ankitshah009,1467,145,2013-02-09
yenda,70,49,2011-11-08
stevemclaugh,28,28,2016-07-26
thomd,105,26,2008-03-18
brianckeegan,31,141,2011-12-10
mattorb,39,44,2009-03-09
brajadorable,11,47,2011-05-10
lezasantaizi,35,25,2014-06-13
tualatrix,102,1410,2008-11-21
carlitos,27,82,2009-03-25
gongfuPanada,1605,14,2009-08-29
ttriche,177,176,2008-04-02
poshboytl,96,630,2008-04-09
botsbrain,10,142,2010-06-01
wedtm,43,27,2008-11-04
iamgilwell,33,98,2014-02-22
obfuscat3d,1,11,2011-10-10
canvaspixels,37,29,2012-01-19
taoeffect,68,249,2009-10-12
bluet,66,151,2009-02-02
SummerCHINA,1,1,2013-11-14
jake100,57,1815,2013-10-28
benjaminmbrown,130,43,2012-10-11
rajanand,31,46,2011-08-27
jlisbz,82,21,2008-06-11
archan937,66,82,2009-02-08
rickbeerendonk,74,81,2010-11-12
christianrojas,11,36,2009-06-04
onemouth,18,26,2012-02-04
thejeshgn,299,686,2009-04-21
willywg,41,47,2009-01-01
kroitor,40,2643,2011-12-30
gavinuhma,28,147,2010-09-17
audy,184,331,2009-08-16
kaichen,52,383,2008-03-28
franklsm1,37,6,2015-09-15
Voidious,4,17,2012-07-25
slpsys,29,21,2009-03-11
kinkin10,2,0,2015-09-15
iorch,38,47,2011-07-11
caingougou,6,28,2008-09-27
ronenhamias,47,1589,2012-05-04
sai43,202,18,2013-05-31
ask,86,1896,2008-02-28
bbigras,171,36,2008-09-10
pennyone00,0,2,2015-10-29
fly51fly,11,3466,2009-09-19
chrisobdam,4,6,2011-02-24
rchk,9,34,2008-05-16
onsails,165,194,2009-07-21
marothstein,41,49,2010-10-12
javadabadoo,21,30,2011-05-05
dcreager,89,231,2008-04-15
jcfischer,72,54,2008-03-14
voodootikigod,125,662,2008-02-19
flipsasser,18,86,2008-04-26
almartin82,72,81,2011-05-11
nckx,37,18,2010-08-14
leereilly,402,1733,2009-08-31
lgs,1076,146,2008-02-28
danielirimia,27,17,2015-04-01
kenneth,121,84,2008-11-08
domenicosolazzo,426,207,2010-09-03
j15e,62,80,2009-10-22
dejanr,43,56,2008-07-26
kij,10,15,2008-04-08
karad,55,138,2010-02-08
samueldr,110,152,2009-09-29
plumenator,83,78,2009-07-11
ChrisMoney,0,26,2012-01-15
watson,388,1723,2008-05-17
kinimodmeyer,3,14,2013-02-26
h4ck3rm1k3,1247,563,2008-11-17
toxtli,1150,2113,2012-01-02
iNDicat0r,10,34,2015-06-30
wolfflow,67,56,2010-08-20
igrigorik,75,8405,2008-05-18
throughnothing,152,122,2009-03-09
kjaylee,169,40,2010-05-04
ysorigin,7,29,2008-05-08
x2c3z4,29,98,2011-07-24
jevon,2,41,2008-04-02
JaniAnttonen,50,104,2010-11-29
springnet,3,4,2008-06-14
baron,24,42,2008-03-09
Ryanfahiramaulana,0,3,2011-11-29
adampatterson,49,56,2008-10-28
raisty,31,72,2010-12-27
helloworld-cat,33,38,2012-01-22
adambair,61,112,2008-02-26
EmpeRoar,246,31,2010-06-30
rain1024,158,281,2012-05-26
hnchuong,3,6,2008-04-13
winfield,13,41,2008-04-12
travisbrady,58,94,2008-12-04
joachifm,29,47,2008-12-21
rmarquis,178,114,2009-12-05
abhiyerra,129,62,2008-04-11
dlwh,47,295,2008-05-07
carld,130,120,2009-07-14
dplewis,120,1748,2014-11-18
EricAtMSFT,4,9,2016-02-19
bobpoekert,97,85,2009-01-10
adamstac,103,734,2008-03-12
johnbey,2,0,2013-12-04
jcrosby,28,184,2008-02-07
brianleroux,360,1743,2008-02-26
mattsgarrison,78,17,2010-08-12
stinie,138,51,2008-03-13
tentone,39,240,2014-10-11
Jungjaegu,20,9,2018-05-25
adkdev,5,27,2010-03-03
jbelsky,28,6,2015-01-29
InduprasadSR,11,345,2015-04-30
MichalPaszkiewicz,66,5384,2014-02-13
ilmalte,26,56,2016-03-05
beppu,41,128,2008-04-03
uokesita,64,178,2009-10-13
robbinhan,154,71,2010-04-12
dadaphl,18,37,2010-09-25
Zer0Root,3,157,2012-01-02
xalakox,22,28,2009-03-17
drybeans,63,16,2014-08-26
yatwql,61,7,2008-11-07
elango,73,43,2009-03-20
yepitschunked,55,36,2009-09-10
ivan,6,144,2008-04-03
aycanirican,55,77,2009-10-05
mohitmun,86,75,2012-03-25
ret,19,37,2008-11-09
rob4lderman,36,7,2013-12-02
mortdeus,91,101,2012-06-21
r-zig,9,0,2014-01-22
biomunky,51,23,2009-03-26
jonathanrico,29,24,2013-05-17
fabianhjr,12,75,2010-06-13
aviraldg,75,117,2010-04-07
rajeshvv,168,38,2012-03-07
gaolei,18,15,2008-09-28
teehemkay,12,21,2008-04-04
dryajov,203,178,2011-10-01
waibo,190,46,2012-01-03
sishen,57,675,2008-05-22
Boyquotes,163,60,2010-09-27
laurenrenaud,22,11,2016-01-09
rmatei,16,49,2009-01-24
standino,21,25,2008-04-07
coty,73,67,2008-02-27
jhaynie,112,375,2008-04-09
davidself,3,13,2009-12-01
brentmc79,20,55,2008-03-10
VinayMavani,2,17,2017-10-09
iamfredrickokereke,250,62,2018-04-12
twopack,9,30,2014-01-29
kumavis,436,1169,2012-02-26
STUNT101,0,71,2011-05-15
yikaraman,34,5,2013-09-18
brett,17,39,2008-02-20
jprichardson,167,1188,2009-11-07
suneil,36,16,2009-12-09
artemii235,42,62,2015-11-09
vkandola,153,1608,2014-04-21
hemantasapkota,46,108,2011-07-05
johnantoni,535,119,2008-06-30
karsthammer,49,13,2009-03-23
SeanReid,37,3,2012-08-22
yorzi,72,116,2008-12-08
mmcgrana,60,1074,2008-03-06
ky-bot,1,300,2020-05-08
michielbdejong,402,282,2010-09-20
fmu,2,6,2008-08-25
roy,35,15,2008-03-04
sorrycc,202,12824,2008-11-18
ainame,139,291,2011-04-24
xavi,15,39,2008-02-28
uira,30,140,2009-05-29
evinw,8,1399,2011-06-11
hsinjoulin,3,1,2015-03-04
algebric,4,2285,2014-03-05
haileypate,38,23,2011-10-04
arjan,239,168,2008-09-15
martindale,1693,471,2009-09-22
silentrob,112,317,2008-07-04
adyliu,16,272,2011-11-04
naffis,28,74,2008-03-25
angusshire,18,12327,2013-11-07
haozeng,18,21,2012-09-28
dehine,10,1,2017-01-16
markkorput,143,21,2010-02-18
fsquillace,64,80,2011-11-26
mikeyb,26,126,2008-11-24
shimarin,13,20,2008-05-26
newhoggy,74,84,2009-03-13
batermj,2384,1431,2010-04-23
Lisprez,411,1152,2015-09-23
fijiwebdesign,121,18,2011-05-25
cselmer,24,79,2008-03-04
dendisuhubdy,2885,506,2013-05-20
keito,2,82,2009-06-22
tmm1,314,2356,2008-03-08
GabiThume,34,80,2010-05-27
sctv,64,52,2008-04-07
shmangles,3,2,2010-01-23
bachp,146,92,2010-07-16
erinata,86,93,2010-12-23
maggit,50,279,2008-11-07
ahmetabdi,154,709,2011-05-09
bitsondatadev,27,412,2014-08-25
deltam,38,33,2010-01-31
cwsaylor,25,41,2008-02-14
mountain,67,263,2008-02-25
atmos,170,1271,2008-01-22
scifisamurai,12,32,2009-09-28
jsonmaur,32,183,2011-07-12
alfredwesterveld,52,65,2008-04-13
romanz,108,252,2008-05-10
msakazo,2,1,2020-05-25
brendanlim,118,144,2008-02-29
mathieuravaux,127,96,2008-12-05
wemeetagain,75,130,2012-01-18
dalinnen,1,5,2014-11-04
RobLoach,791,371,2008-09-18
Chelo,5,10,2011-01-29
lostinpatterns,16,12,2008-04-05
selimozergun,4,9,2011-09-06
jb55,536,400,2009-01-10
membogg,4,18,2008-04-16
vsantosu,33,24,2012-04-02
jkatzer,89,59,2009-11-13
kanzure,160,474,2009-07-03
kialam,31,5,2012-09-06
cnd,15,0,2012-10-26
nathan-gs,54,24,2010-07-13
kiwifig,42,11,2013-03-20
verejava,5,1000,2018-05-25
batsuuri,3,0,2012-06-07
darwin,143,707,2008-04-06
grunch,72,79,2010-03-23
innomarkglobal,0,14,2012-10-10
gijzelaerr,167,154,2010-07-08
minglecm,35,78,2009-01-10
grisaitis,72,42,2011-07-11
gisikw,57,108,2008-05-13
rasata,1782,50,2009-06-09
esin,36,9709,2009-04-02
chillicoder,161,120,2009-01-25
Kakise,60,1080,2016-04-24
dgonzalez,90,170,2009-09-06
jhonsu01,41,33,2012-05-31
mashiox,47,54,2010-06-18
FranciscoJGuz,9,121,2015-10-29
pomazanbohdan,11,6,2011-03-29
huacnlee,120,4686,2008-04-07
bishopZ,47,58,2011-10-19
KJlmfe,65,95,2011-12-03
anandkunal,7,100,2008-02-28
seabre,105,73,2008-12-22
jondkinney,73,95,2008-04-03
alexanderdean,6,204,2010-02-09
sudachen,146,53,2008-02-28
diclophis,106,120,2008-05-13
shanesveller,102,96,2008-02-25
rikonor,97,20,2013-01-27
ahmedalazazy,298,234,2019-06-12
ticean,62,75,2009-01-15
peterp,30,416,2009-01-07
Wijnand,12,16,2008-06-10
RobinWu,50,32,2008-06-08
MnkyPwz,20,17,2012-01-01
davesag,121,82,2010-09-04
rfilipo,50,36,2010-03-18
JaiiRashad34,6,1,2018-01-12
rohithadassanayake,5,526,2009-07-30
trietptm,198,1357,2010-12-17
Bunlong,215,1866,2012-01-06
drewmeyers,1,31,2012-08-18
bkerley,233,203,2008-04-02
zulhfreelancer,205,157,2013-01-29
Skyhoper,1,4,2009-11-17
tchnorider,16,290,2015-09-04
marko-jankovic,8,137,2011-07-11
MaxValue,35,41,2012-02-17
lazzarello,152,170,2008-03-26
mattvick,75,7,2011-03-04
andresurepno,0,11,2017-12-07
mrflip,144,269,2008-04-09
vladanghene,71,33,2013-03-05
gourneau,75,70,2008-10-22
adamJLev,40,27,2010-01-23
NatashaTheRobot,123,1584,2011-10-28
mikegwhit,11,1027,2012-12-05
lnsoso,849,0,2008-11-08
DoktahWorm,12,11,2008-08-19
mschmulen,106,83,2010-11-16
hieple7985,33,47,2011-06-08
lgn21st,92,679,2008-04-13
ijagjeet,41,2228,2018-12-19
brupm,31,56,2008-02-17
jameskyokushin,30,19,2011-08-04
y-ke,7,11,2015-10-24
eston,9,141,2009-01-23
Hungsta,4,32,2011-07-28
shpytalenko,54,2,2011-01-20
peterpunk,4,47,2008-05-08
aparo,151,149,2008-10-08
kirillsalykin,23,13,2009-10-07
orlin,43,51,2008-03-06
arfrank,51,26,2009-09-16
watcherdm,104,56,2010-05-05
mrklaw,2,1,2011-11-14
eoin,4,87,2008-04-03
henrygarner,109,82,2008-09-14
ssoper,52,89,2008-06-05
linkerlin,311,156,2008-11-28
aprock,4,22,2009-12-25
davidpots,46,77,2008-10-16
hj91,197,32,2010-09-12
Hamz-a,33,190,2013-08-28
janx,103,1044,2008-04-09
t3573393,45,15,2010-05-28
erynofwales,28,52,2011-03-30
laconc,8,19,2016-07-12
brianmario,33,856,2008-05-26
Neustradamus,42,445,2009-07-14
esneko,40,265,2009-03-17
bulters,75,13,2009-02-23
ivansf,14,25,2009-01-29
clarkbw,82,392,2008-03-04
KevinHock,39,4695,2012-12-19
godane,31,14,2008-10-07
naharris212,0,5,2010-11-24
hmcfletch,35,16,2008-11-02
jiaofeng,33,18,2011-12-21
chunzi,27,161,2008-11-27
macressler,947,300,2011-11-16
cashplk,2,29,2008-04-24
poguez,79,122,2011-04-15
hozaka,9,10,2008-10-29
pmq20,202,766,2008-06-11
qingshen0802,55,98,2017-02-06
ryantm,238,158,2008-04-03
andreypopp,444,866,2008-10-23
josephhabib,5,4,2011-07-15
soldat13,6,39,2016-06-02
Bitonics,2,75,2018-01-23
cusspvz,159,7744,2013-02-15
xiaolan98,20,5,2017-09-13
danstorms,7,8,2010-08-09
thekvn,23,39,2008-04-07
influx6,689,303,2009-09-26
so,0,21,2008-10-21
vizanto,55,60,2010-07-08
pshc,55,33,2008-04-11
m-ezekiel,32,18,2015-04-23
mengcoin,2,16,2018-01-15
benhiller,15,74,2008-02-27
Frenchcooc,21,47,2013-01-13
collin,236,178,2008-04-18
miguelmota,543,1532,2009-12-16
topfunky,86,1292,2008-01-15
jpzk,107,114,2008-10-30
davidrobles,51,69,2009-12-08
lcampos,17,36,2011-09-11
pechorin,14,77,2010-03-19
RaymondCrandall,31,79,2010-05-05
jniamehr,0,3,2010-03-17
jkakar,66,76,2011-01-13
ypersyntelykos,61,669,2014-12-18
minsle,2,679,2017-03-10
betacar,27,36,2010-07-06
cchery101,122,5,2014-02-14
gregdek,50,96,2010-04-25
ericabouaf,109,99,2008-12-09
exgalaxy,2,1,2012-03-13
shmuel7e,12,17,2018-10-05
Sleepyhead-google,133,50,2014-08-25
superisaac,59,62,2008-06-04
frozzare,296,209,2008-06-22
olleolleolle,1406,318,2008-02-13
ksetrin,34,9,2011-03-17
curv3ball,7,74,2018-05-10
STRd6,234,781,2008-07-30
grdw,6,21,2012-10-29
keix,4,18,2009-10-27
573,135,78,2009-09-06
rjst,7,14,2009-03-04
zmughal,256,489,2009-06-11
azisaka,1,72,2008-04-03
mokeefe,1,20,2008-03-25
ArefMq,28,2829,2015-02-07
bcambel,74,113,2009-10-25
una-tapa,28,1,2016-07-23
gregzuro,30,21,2010-04-02
maca,91,101,2008-10-19
freemanZYQ,1647,168,2017-01-04
robbyrob42,10,8,2012-10-10
stonegao,140,292,2008-12-22
krodyx,762,166,2017-02-24
ZenCocoon,73,36,2008-05-16
thadd,22,63,2008-04-03
mbleigh,147,885,2008-02-27
quinn,134,66,2008-03-25
fredrik,58,73,2008-06-06
Xyphex,9,5,2013-06-27
wilsonminer,7,99,2008-04-09
shanx,80,32,2008-10-06
rbeene,93,40,2009-04-02
buffer8848,51,37,2012-07-17
WillemJan,35,0,2010-05-01
piclez,39,48,2008-02-24
carlos8f,238,302,2009-07-20
rociiu,76,112,2008-09-10
VagrantStory,9,1987,2013-04-05
jescriba,38,21,2013-03-22
pxpgraphics,156,35,2012-04-19
alexindigo,183,125,2009-09-15
victor-vargas2009,12,7,2011-10-24
aral,498,620,2008-12-20
alexeykudinkin,30,42,2010-10-05
rmoriz,82,176,2008-02-28
grantmichaels,10,48,2008-06-21
priornix,9,21,2013-02-25
catull,33,34,2009-11-07
haobuxia,11,3,2018-09-23
Rady,43,18,2009-08-26
bobbyahines,28,9,2015-03-07
sonmio,3,28,2017-01-09
jpf,157,288,2008-12-19
josemontesdeoca,11,48,2011-05-01
ckabuya,38,2,2012-08-21
pkrasam,295,52,2013-05-24
memoar,0,0,2011-11-26
zhanknight,12,2,2016-07-16
blanu,86,134,2008-11-20
Poincare,49,98,2010-03-06
migueljulio,20,3,2014-02-12
vrnithinkumar,116,43,2012-02-07
raudelenrique,1,1,2012-10-02
peterprokop,74,39,2012-02-26
jserv,113,3407,2010-11-12
eugeneware,253,301,2008-12-03
EricPKerr,56,36,2008-08-11
pablete,25,72,2008-02-19
mattn,1835,9791,2008-05-13
stigtsp,152,78,2009-04-19
imArafatHussein,1,4123,2016-08-25
specious,40,151,2010-10-23
dumpytown,2,11,2012-05-04
fundon,107,832,2008-10-07
liveink,76,36,2009-10-27
morganrallen,107,54,2008-09-02
dustinwhittle,1,275,2008-06-01
